mean_predicted_risk,observed_event_frequency
0.11184120252879529,0.0
0.1939520460466678,0.06666666666666667
0.31322843521007515,0.07407407407407407
0.4346899184374561,0.19672131147540983
0.5550206323392206,0.21153846153846154
0.6836335246809552,0.34285714285714286
0.7937631953657267,0.5263157894736842
0.9313454495230379,0.6363636363636364
